date,mse_cov,n_stocks
2023-01-02,1.0539773009449149e-07,307
2023-01-03,1.2237884078442233e-07,307
2023-01-04,1.2506418963781778e-07,307
2023-01-05,1.2849943961559805e-07,307
2023-01-06,1.4859544084628245e-07,307
2023-01-10,1.48480507934455e-07,305
2023-01-11,1.7547743255808146e-07,305
2023-01-12,1.7105792496374968e-07,305
2023-01-13,4.4961171321640456e-07,305
2023-01-16,4.5115045333111494e-07,305
2023-01-17,4.942386222792634e-07,305
2023-01-18,4.7260484054559813e-07,305
2023-01-19,4.531059130525024e-07,305
2023-01-20,5.007563701318981e-07,305
2023-01-23,5.062724977131202e-07,305
2023-01-24,5.057961783488346e-07,305
2023-01-25,5.096344961058696e-07,305
2023-01-26,5.171744905820662e-07,305
2023-01-27,5.179257449000071e-07,305
2023-01-30,5.304523150089728e-07,305
2023-01-31,5.371483574764542e-07,305
2023-02-01,5.548925771207752e-07,305
2023-02-02,5.667253954239015e-07,305
2023-02-03,5.612526505636639e-07,305
2023-02-06,5.415476875029644e-07,305
2023-02-07,5.421987911920929e-07,305
2023-02-08,5.385453331477843e-07,305
2023-02-09,5.368886317584493e-07,305
2023-02-10,1.1346032266549398e-07,305
2023-02-13,1.145541747947777e-07,305
2023-02-14,1.0118645651139051e-07,305
2023-02-15,1.1338698635068348e-07,305
2023-02-16,1.1657531196979334e-07,305
2023-02-17,1.0393482329629941e-07,305
2023-02-23,9.804684707167874e-08,304
2023-02-24,9.613439475322432e-08,304
2023-02-27,8.727537637483143e-08,304
2023-02-28,8.894999315000551e-08,304
2023-03-01,8.847588101351601e-08,304
2023-03-03,1.0108699050818709e-07,303
2023-03-06,1.0144445240003397e-07,303
2023-03-07,9.452831727861359e-08,303
2023-03-08,1.0429690910417653e-07,303
2023-03-09,9.565868382831352e-08,303
2023-03-10,1.0373899310550751e-07,303
2023-03-13,1.093076848420236e-07,303
2023-03-14,1.1142850053156761e-07,303
2023-03-15,1.0702579790574155e-07,303
2023-03-16,1.0472654563955245e-07,303
2023-03-17,8.389925967283665e-08,303
2023-03-20,8.62260784697422e-08,303
2023-03-21,8.449638783414515e-08,303
2023-03-22,8.295920298770778e-08,304
2023-03-23,8.377212070782175e-08,304
2023-03-24,8.5307195123205e-08,304
2023-03-27,9.082689943477178e-08,304
2023-03-28,9.017839469253648e-08,304
2023-03-29,9.261920064601289e-08,304
2023-03-30,9.066500083388466e-08,305
2023-03-31,8.958771477401253e-08,305
2023-04-04,8.284407022753204e-08,303
2023-04-05,8.33291182728438e-08,303
2023-04-06,2.105414672908335e-07,303
2023-04-10,2.027234287842941e-07,303
2023-04-11,2.0416673485359025e-07,303
2023-04-12,2.178269598673473e-07,303
2023-04-13,2.1943062512872361e-07,303
2023-04-14,2.2073455500787357e-07,303
2023-04-17,2.2005826235333672e-07,303
2023-04-18,2.151703430453606e-07,303
2023-04-19,2.0994251716286414e-07,303
2023-04-20,2.1488783560437928e-07,303
2023-04-24,2.1580771804948608e-07,303
2023-04-25,3.222772589730885e-07,303
2023-04-26,3.218452920331379e-07,303
2023-04-27,3.547979349358954e-07,303
2023-04-28,3.5812636013562773e-07,303
2023-05-03,3.767427486222183e-07,302
2023-05-04,3.7785720573108615e-07,302
2023-05-05,3.7861331110296476e-07,302
2023-05-08,3.8799789747124903e-07,302
2023-05-09,2.464013151362196e-07,302
2023-05-10,2.4562860698284206e-07,302
2023-05-11,2.467144398636184e-07,302
2023-05-12,2.4492299750799146e-07,302
2023-05-15,2.4877492395582744e-07,302
2023-05-16,2.4807567764920197e-07,302
2023-05-17,2.5270793798973563e-07,302
2023-05-18,2.5409828223216844e-07,302
2023-05-19,2.5710512513427876e-07,302
2023-05-22,2.5832312659918757e-07,302
2023-05-23,2.5915532567670646e-07,302
2023-05-24,9.831537291936279e-08,302
2023-05-25,9.412270713239718e-08,302
2023-05-26,9.09316493024611e-08,302
2023-05-29,9.176847158821494e-08,302
2023-05-30,9.009623260327736e-08,302
2023-05-31,7.064943638917033e-08,302
2023-06-01,7.013067621268744e-08,302
2023-06-02,6.875362424641315e-08,302
2023-06-05,7.099022642545285e-08,302
2023-06-06,7.151744750705563e-08,302
2023-06-07,6.959496647603493e-08,302
2023-06-09,6.930119996037415e-08,303
2023-06-12,6.600183087076435e-08,303
2023-06-13,6.59113753046521e-08,303
2023-06-14,6.210114727958231e-08,303
2023-06-15,5.966300547344957e-08,303
2023-06-16,6.106493910459201e-08,303
2023-06-19,6.15492385605657e-08,303
2023-06-20,6.387149355535661e-08,303
2023-06-21,6.381734638083175e-08,303
2023-06-22,7.017955561313726e-08,303
2023-06-23,6.753118272087926e-08,303
2023-06-26,7.207138745305896e-08,303
2023-06-27,6.95453665795483e-08,303
2023-06-28,6.702229670991207e-08,303
2023-06-29,6.698340417621297e-08,303
2023-06-30,6.530611460101701e-08,303
2023-07-03,6.751165618834403e-08,303
2023-07-04,6.614268332993414e-08,303
2023-07-05,6.47449248109658e-08,303
2023-07-06,6.599198605279516e-08,303
2023-07-07,6.345944256475632e-08,303
2023-07-10,6.085754067324159e-08,303
2023-07-11,6.018457114905497e-08,303
2023-07-12,6.01079177017355e-08,303
2023-07-13,6.23814664663892e-08,303
2023-07-14,6.253631503966821e-08,303
2023-07-17,5.9038278437371105e-08,303
2023-07-18,5.342878951244858e-08,303
2023-07-19,5.2783543696636154e-08,303
2023-07-20,5.010665995213091e-08,303
2023-07-21,5.1021526249362264e-08,304
2023-07-24,4.5896156542113586e-08,304
2023-07-25,4.8762073210063863e-08,304
2023-07-26,5.069270101636515e-08,304
2023-07-27,5.02808117328755e-08,304
2023-07-28,5.2844248485581926e-08,304
2023-07-31,5.315449901601299e-08,304
2023-08-01,5.149575345770934e-08,304
2023-08-02,5.101194573884859e-08,304
2023-08-03,5.186045476903e-08,304
2023-08-04,5.903571254002465e-08,304
2023-08-07,6.474429306259309e-08,304
2023-08-09,6.740569072249241e-08,303
2023-08-10,6.751700210649315e-08,303
2023-08-11,6.83941089891421e-08,303
2023-08-14,7.711471021461693e-08,303
2023-08-15,7.723718471279884e-08,303
2023-08-16,8.037818148082283e-08,303
2023-08-17,8.25869493906047e-08,303
2023-08-18,7.819215268597933e-08,303
2023-08-21,8.254309722357511e-08,303
2023-08-23,7.755232656966829e-08,302
2023-08-24,7.657466128206477e-08,302
2023-08-25,7.768302961932247e-08,302
2023-08-28,7.482543181851302e-08,302
2023-08-29,7.676410899052809e-08,303
2023-08-30,7.587656817560555e-08,303
2023-08-31,7.543895678983181e-08,303
2023-09-01,6.898544419487556e-08,303
2023-09-04,6.468056401194027e-08,303
2023-09-05,6.432501670359291e-08,303
2023-09-06,6.148210863248416e-08,303
2023-09-08,6.089811545167493e-08,303
2023-09-11,5.858272270785201e-08,303
2023-09-12,5.612278303326194e-08,303
2023-09-13,5.1796419060419575e-08,303
2023-09-15,4.779785785890208e-08,302
2023-09-18,4.834165165697817e-08,302
2023-09-19,4.948700606129419e-08,302
2023-09-20,4.870618994620635e-08,302
2023-09-21,5.004162763705485e-08,302
2023-09-22,4.775347922253228e-08,302
2023-09-25,4.7345275220446945e-08,302
2023-09-26,5.0637858058952693e-08,302
2023-09-28,5.058269999569144e-08,301
2023-09-29,4.6541225459963145e-08,301
2023-10-02,4.74130912132756e-08,301
2023-10-03,5.993793549083554e-08,301
2023-10-04,6.465764997118362e-08,301
2023-10-05,7.443475406333345e-08,301
2023-10-06,7.052933400583767e-08,301
2023-10-09,6.994482991222333e-08,301
2023-10-10,7.147761844534391e-08,301
2023-10-11,7.02296701534941e-08,301
2023-10-13,7.098117977715817e-08,301
2023-10-16,5.97703992299035e-08,301
2023-10-17,5.768828369861694e-08,301
2023-10-18,5.576204292410211e-08,301
2023-10-19,5.522831222382382e-08,301
2023-10-23,4.1500485260611266e-08,300
2023-10-24,4.295143968612685e-08,300
2023-10-25,4.1207312016110414e-08,300
2023-10-26,4.1687517877016415e-08,300
2023-10-27,4.29328050680846e-08,300
2023-10-30,4.3783715953642495e-08,300
2023-10-31,4.355881658713184e-08,300
2023-11-01,4.3357592098991793e-08,300
2023-11-06,6.087533822943755e-08,299
2023-11-07,6.351871390156283e-08,299
2023-11-08,7.056802681509806e-08,299
2023-11-09,7.12000648876537e-08,299
2023-11-10,6.465931754923684e-08,299
2023-11-13,7.345551313774141e-08,299
2023-11-14,6.54217394269283e-08,299
2023-11-16,7.587308432467271e-08,299
2023-11-17,7.492527109207445e-08,299
2023-11-20,6.541195801139975e-08,299
2023-11-21,6.432733775796502e-08,299
2023-11-22,6.728846391722576e-08,299
2023-11-23,6.480304592674533e-08,299
2023-11-24,6.416482758746895e-08,299
2023-11-27,6.361324324547156e-08,299
2023-11-28,6.049321494413166e-08,299
2023-11-29,5.508261353128996e-08,299
2023-11-30,5.417580979397084e-08,299
2023-12-01,5.378731231735927e-08,299
2023-12-04,5.384686940681537e-08,299
2023-12-05,5.2839420653570115e-08,299
2023-12-06,5.310273641772348e-08,299
2023-12-07,5.426938933661291e-08,299
2023-12-08,5.184925446164826e-08,299
2023-12-11,6.689448444761234e-08,299
2023-12-12,6.113941106002565e-08,299
2023-12-13,9.481006364594323e-08,299
2023-12-14,8.980645416366132e-08,299
2023-12-15,8.947723144934671e-08,299
2023-12-18,8.709387044278529e-08,299
2023-12-19,8.849897825874563e-08,299
2023-12-20,8.967880652166606e-08,299
2023-12-21,8.798266989857369e-08,299
2023-12-22,8.724071571864277e-08,299
2023-12-27,9.361767842310533e-08,298
2023-12-28,9.517810281535965e-08,300
2024-01-02,9.371084993311208e-08,300
2024-01-03,1.1743778768421323e-07,300
2024-01-04,1.150399318274974e-07,300
2024-01-05,1.1406697810468815e-07,300
2024-01-08,1.1712332899056404e-07,300
2024-01-09,1.1458100620671025e-07,300
2024-01-10,1.1349141269437031e-07,300
2024-01-11,6.804778254308655e-08,300
2024-01-12,6.64120271842789e-08,300
2024-01-15,6.108043434174766e-08,300
2024-01-16,6.391542510869841e-08,300
2024-01-17,6.149799921626727e-08,300
2024-01-18,6.142004552465916e-08,300
2024-01-19,5.7403746398206336e-08,300
2024-01-22,5.652989302779053e-08,300
2024-01-23,5.546256910922078e-08,300
2024-01-24,5.5637653039371915e-08,300
2024-01-25,5.4782520235259603e-08,300
2024-01-26,5.418979383468807e-08,300
2024-01-29,5.501683257381942e-08,300
2024-01-30,5.5050051376850695e-08,300
2024-01-31,3.0278826373705404e-08,300
2024-02-01,2.9338509253914863e-08,300
2024-02-02,3.161142804420862e-08,300
2024-02-05,3.2069797188852587e-08,300
2024-02-06,3.459338423805914e-08,300
2024-02-07,3.2878227295128905e-08,300
2024-02-08,3.4130488051207495e-08,300
2024-02-09,3.4670228412693105e-08,300
2024-02-14,3.551634246842627e-08,300
2024-02-15,3.569988410501349e-08,300
2024-02-19,3.5384629205206516e-08,299
2024-02-20,3.622062035601001e-08,299
2024-02-21,3.5049849182856984e-08,299
2024-02-22,3.8068619253268095e-08,299
2024-02-23,3.797856674996954e-08,299
2024-02-26,3.851118073848753e-08,299
2024-02-27,4.0670570550563444e-08,299
2024-02-28,4.89121636296422e-08,299
2024-02-29,4.6638812445588456e-08,300
2024-03-01,4.7226824134546955e-08,300
2024-03-04,4.797099302539937e-08,300
2024-03-05,4.690243449585373e-08,300
2024-03-06,4.771949664293845e-08,300
2024-03-07,4.918099300546005e-08,300
2024-03-08,5.02590723426382e-08,301
2024-03-11,4.886682255897297e-08,301
2024-03-12,4.820359229548881e-08,301
2024-03-13,4.7316883972272676e-08,301
2024-03-14,4.6135519967148287e-08,301
2024-03-15,4.604361148346731e-08,301
2024-03-18,4.61627215197718e-08,301
2024-03-19,4.706829030570417e-08,301
2024-03-20,4.8690385098457914e-08,301
2024-03-21,4.414358588107511e-08,301
2024-03-22,4.540271850238678e-08,301
2024-03-25,4.481938957648661e-08,301
2024-03-26,4.3556011762916775e-08,301
2024-03-27,3.935106799668773e-08,301
2024-03-28,3.9842494529533e-08,301
2024-04-01,3.991618338434665e-08,301
2024-04-02,3.932360909331988e-08,301
2024-04-03,4.098083834904164e-08,301
2024-04-04,4.141907031808758e-08,301
2024-04-05,4.042323624196001e-08,301
2024-04-08,3.996686471376773e-08,301
2024-04-09,4.4062483332594474e-08,302
2024-04-10,4.320261126402336e-08,303
2024-04-11,4.3383056259228005e-08,303
2024-04-12,4.3486677187098524e-08,303
2024-04-15,4.152113206071272e-08,303
2024-04-16,4.1508459693305475e-08,303
2024-04-18,4.1369254745361035e-08,302
2024-04-19,4.14405891713962e-08,302
2024-04-22,4.136649253636034e-08,302
2024-04-23,4.128323096175672e-08,302
2024-04-24,4.185598668205589e-08,302
2024-04-25,4.2147264312239835e-08,302
2024-04-26,3.682962190886364e-08,302
2024-04-30,3.0949724455535603e-08,301
2024-05-02,3.2546496376665505e-08,301
2024-05-03,3.5123788350651996e-08,301
2024-05-06,3.7869066112004094e-08,301
2024-05-07,3.9308324750446867e-08,301
2024-05-08,3.747560070243427e-08,301
2024-05-09,3.7215369701711734e-08,301
2024-05-10,3.800022251199023e-08,302
2024-05-13,4.169410417606317e-08,302
2024-05-14,4.091896554741813e-08,302
2024-05-15,4.0377017566927715e-08,302
2024-05-16,4.214972570182224e-08,302
2024-05-20,4.0939164794987993e-08,302
2024-05-21,3.954533272823421e-08,302
2024-05-22,3.9051348178067013e-08,302
2024-05-24,3.868837787275424e-08,301
2024-05-27,3.81599234248144e-08,301
2024-05-28,3.733693215264609e-08,301
2024-05-29,3.743631075909227e-08,301
2024-06-04,3.964146398549723e-08,299
2024-06-05,3.926041227594812e-08,299
2024-06-06,3.9325361441121864e-08,299
2024-06-07,3.66905794594329e-08,299
2024-06-10,3.4950708561971976e-08,299
2024-06-11,3.3256259352528505e-08,299
2024-06-12,3.2220716287996426e-08,299
2024-06-13,2.9266757767880486e-08,299
2024-06-14,2.873508815021381e-08,299
2024-06-17,2.69928712360867e-08,299
2024-06-18,2.7535158811481855e-08,299
2024-06-19,2.716727024466156e-08,299
2024-06-20,2.7903977753297885e-08,299
2024-06-21,2.741151733119969e-08,299
2024-06-24,2.672680367724965e-08,300
2024-06-26,2.7659771057204546e-08,299
2024-06-27,2.5558975299110544e-08,299
2024-06-28,2.7815161623860676e-08,300
2024-07-01,2.7595278364646843e-08,300
2024-07-02,2.767415809904169e-08,300
2024-07-03,2.849462612322974e-08,300
2024-07-04,3.1639588219350324e-08,301
2024-07-05,3.4386355339736814e-08,301
2024-07-08,3.28358928216448e-08,301
2024-07-09,3.3220465982536476e-08,301
2024-07-10,3.335087559367557e-08,301
2024-07-11,3.4641523910626735e-08,301
2024-07-12,3.4370411039555993e-08,301
2024-07-15,3.577994086906139e-08,301
2024-07-16,3.558283122756314e-08,301
2024-07-17,3.5372401284385746e-08,301
2024-07-18,3.442211172247456e-08,301
2024-07-19,3.5343928409182816e-08,301
2024-07-22,3.51676895273189e-08,301
2024-07-23,4.7785978924310974e-08,301
2024-07-25,4.694088536161695e-08,299
2024-07-26,4.586753909175178e-08,299
2024-07-29,5.090657019464236e-08,299
2024-07-30,5.232989389923254e-08,299
2024-07-31,5.091449667189309e-08,299
2024-08-02,4.906165548430468e-08,297
2024-08-05,4.9944949315617435e-08,297
2024-08-06,4.9854377324873943e-08,297
2024-08-07,4.974331703265308e-08,297
2024-08-08,5.075679263095003e-08,297
2024-08-09,5.560994447623818e-08,297
2024-08-12,5.9288641978972064e-08,297
2024-08-13,6.289800320848448e-08,297
2024-08-14,7.163557894068746e-08,297
2024-08-15,8.756291996309418e-08,297
2024-08-19,1.3445585586405667e-07,295
2024-08-20,1.301509354537205e-07,295
2024-08-21,1.2851746721411292e-07,295
2024-08-22,1.2700112161865918e-07,295
2024-08-23,1.267334225100804e-07,295
2024-08-26,1.2224713280550692e-07,295
2024-08-28,1.4309328025985886e-07,295
2024-08-29,1.462516461634412e-07,295
2024-08-30,1.3985791636837113e-07,295
2024-09-02,1.3501931345767445e-07,295
2024-09-03,1.4982885662097448e-07,295
2024-09-04,1.463650925307768e-07,295
2024-09-05,1.3035503042668902e-07,295
2024-09-06,1.2806163558496902e-07,295
2024-09-09,1.2642931194673118e-07,295
2024-09-10,1.2562667146087776e-07,295
2024-09-11,1.206886098552015e-07,295
2024-09-12,1.1315967976641659e-07,295
2024-09-13,4.397222127383087e-08,295
2024-09-16,4.556668220279785e-08,295
2024-09-17,4.12827307473707e-08,295
2024-09-18,4.351874049104038e-08,295
2024-09-19,4.3788792650710035e-08,295
2024-09-20,4.688989368306797e-08,295
2024-09-23,5.076513998437859e-08,295
2024-09-24,5.095716697843164e-08,295
2024-09-26,5.5143538560167994e-08,293
2024-09-27,1.0600755746831478e-07,293
2024-09-30,1.4915750168577893e-07,293
2024-10-01,2.6053967689824844e-07,294
2024-10-02,2.571886125013066e-07,294
2024-10-03,2.593561250337307e-07,294
2024-10-04,3.215479675713893e-07,294
2024-10-07,3.210643413983894e-07,294
2024-10-08,5.07813262486902e-07,294
2024-10-09,6.09886303434264e-07,294
2024-10-10,6.099067609138015e-07,294
2024-10-11,6.098535538236303e-07,294
2024-10-14,6.075064027781016e-07,294
2024-10-15,6.037676831800379e-07,294
2024-10-16,6.090242666494274e-07,294
2024-10-17,6.076865812890399e-07,294
2024-10-18,6.02096264546526e-07,294
2024-10-21,6.068272156799468e-07,294
2024-10-22,8.561490242093129e-07,294
2024-10-23,9.692586492402988e-07,294
2024-10-24,9.082465469811596e-07,294
2024-10-25,5.992321347279672e-07,294
2024-10-28,4.379489811060016e-07,294
2024-10-29,2.9550572331649627e-07,294
2024-10-30,2.9484661261600526e-07,294
2024-10-31,2.9581335939031586e-07,294
2024-11-04,1.8605456862576952e-07,294
2024-11-05,1.044701598132173e-07,294
2024-11-06,6.063630269657185e-08,294
2024-11-07,6.055548791256242e-08,294
2024-11-08,6.756078688645545e-08,294
2024-11-11,6.906202388616958e-08,294
2024-11-12,7.396384166946001e-08,294
2024-11-13,1.3417385672011446e-07,294
2024-11-14,1.356080989982501e-07,294
2024-11-18,1.9503709691828965e-07,294
2024-11-19,2.400813697308127e-07,294
2024-11-21,2.2371806640875136e-07,294
2024-11-22,2.3385354775993056e-07,294
2024-11-25,2.3954553214656125e-07,294
2024-11-26,2.4145329667230834e-07,294
2024-11-27,2.456406926807676e-07,294
2024-11-28,2.523505310789632e-07,294
2024-11-29,3.1818086791414297e-07,294
2024-12-02,3.2288970548047493e-07,294
2024-12-03,3.2704008582403207e-07,294
2024-12-04,3.2032594496665514e-07,294
2024-12-06,3.1505777653865673e-07,293
2024-12-09,3.21489729723981e-07,293
2024-12-10,3.160559822402898e-07,293
2024-12-11,3.409737079428841e-07,293
2024-12-12,3.7452733531948804e-07,293
2024-12-13,3.117009329127399e-07,293
2024-12-16,3.226420035799492e-07,293
2024-12-17,2.6775252244171137e-07,293
2024-12-18,2.694410587517858e-07,293
2024-12-19,3.105943463745341e-07,293
2024-12-20,3.4724111779971033e-07,293
2024-12-26,3.7241211053004057e-07,292
2024-12-27,3.5678493528854326e-07,292
2024-12-30,3.382065136837643e-07,292
2025-01-02,2.5440595764537183e-07,292
2025-01-03,2.5586789998055115e-07,292
2025-01-06,2.5512251912666716e-07,292
2025-01-07,2.7891243452866835e-07,292
2025-01-08,2.5695923077293573e-07,292
2025-01-09,2.587297638395133e-07,292
2025-01-10,2.542466212369906e-07,292
2025-01-13,2.4952135909277693e-07,292
2025-01-14,2.3327589474257948e-07,292
2025-01-15,1.5576693553069216e-07,292
2025-01-16,1.5195455277676468e-07,292
2025-01-17,1.4806988208172626e-07,292
2025-01-20,1.3409315243434841e-07,292
2025-01-21,1.2958181325404862e-07,292
2025-01-22,9.187398756984848e-08,292
2025-01-23,8.33958365302263e-08,292
2025-01-24,7.938196648412767e-08,292
2025-01-27,6.880412709571784e-08,292
2025-01-28,7.16279460908072e-08,292
2025-01-29,7.098473761697944e-08,292
2025-01-30,6.751636746371098e-08,292
2025-02-03,6.877548709151488e-08,291
2025-02-04,6.352662402938287e-08,291
2025-02-05,6.37093770007334e-08,291
2025-02-06,5.6552825408408513e-08,291
2025-02-07,5.7007144731300574e-08,291
2025-02-10,5.845530302386494e-08,291
2025-02-11,5.8017650147743925e-08,291
2025-02-12,5.973926687605813e-08,291
2025-02-13,5.5517147786138846e-08,291
2025-02-14,5.315317317183122e-08,291
2025-02-17,5.677759586926416e-08,291
2025-02-18,5.9207547787975614e-08,291
2025-02-20,7.957160055412492e-08,290
2025-02-21,7.977795290822458e-08,290
2025-02-24,8.465379076523216e-08,290
2025-02-25,8.269533580530392e-08,290
2025-02-26,8.300602008138413e-08,290
2025-02-27,8.626410678131061e-08,290
2025-02-28,8.052249546733936e-08,290
2025-03-05,1.0922690693086358e-07,290
2025-03-06,1.0966434346691898e-07,290
2025-03-07,1.4851654557294738e-07,290
2025-03-10,1.5794538752377993e-07,290
2025-03-11,1.6166806584623858e-07,290
2025-03-12,1.6083714440160923e-07,290
2025-03-13,1.6189349475254713e-07,290
2025-03-14,1.6133443735697725e-07,290
2025-03-17,1.7633473300375342e-07,290
2025-03-18,1.7867392516046208e-07,290
2025-03-19,1.704964143844006e-07,290
2025-03-20,1.6992895122041538e-07,290
2025-03-21,1.0974956237547398e-07,290
2025-03-24,7.261617475528947e-08,290
2025-03-25,7.11399636948649e-08,290
2025-03-26,7.209695780420772e-08,291
2025-03-27,7.048702011551223e-08,291
2025-03-28,7.110285497550354e-08,291
2025-03-31,7.7524922748859e-08,291
2025-04-01,8.068607625570443e-08,291
2025-04-03,7.61264607574513e-08,290
2025-04-04,8.484895187703965e-08,290
2025-04-07,8.722413887065197e-08,290
2025-04-08,8.918177999921849e-08,290
2025-04-09,9.377851868116854e-08,290
2025-04-10,1.0622966230679819e-07,290
2025-04-11,1.0741084586553928e-07,290
2025-04-14,8.791151013363333e-08,290
2025-04-16,8.974372164899302e-08,289
2025-04-17,8.73912689938664e-08,289
2025-04-23,9.098240750484014e-08,288
2025-04-24,9.135034382415372e-08,288
2025-04-25,9.413937630405442e-08,288
2025-04-28,9.078629216986722e-08,288
2025-04-30,8.060684165202741e-08,287
2025-05-02,7.691404935995003e-08,287
2025-05-05,8.377196764128803e-08,287
2025-05-06,8.594229771037977e-08,288
2025-05-07,8.708836850293e-08,288
2025-05-08,7.96938461579495e-08,288
2025-05-09,7.779793439443182e-08,288
2025-05-12,8.273058846439585e-08,288
2025-05-13,8.36748972451319e-08,289
2025-05-15,8.496045438134562e-08,288
2025-05-16,8.603795931230118e-08,288
2025-05-19,8.85865366328748e-08,288
2025-05-20,9.200529514016108e-08,288
2025-05-21,9.373482437329784e-08,288
2025-05-22,9.6748713648588e-08,288
2025-05-23,9.401840196385357e-08,288
2025-05-26,9.419164884342833e-08,288
2025-05-27,9.386713587084699e-08,288
2025-05-28,9.132595137149728e-08,288
2025-05-29,9.079971888906955e-08,288
2025-05-30,8.784772795903387e-08,288
2025-06-03,8.167783706414217e-08,287
2025-06-04,7.962679081969419e-08,287
2025-06-05,7.842945485090624e-08,287
2025-06-06,7.794120365521799e-08,287
2025-06-10,6.761232326534337e-08,286
2025-06-11,6.70869121720203e-08,286
2025-06-12,6.76226456581531e-08,287
2025-06-16,5.663607226660491e-06,286
2025-06-17,8.004136309160316e-06,286
2025-06-20,8.334626338774242e-06,285
2025-06-23,8.63224751028428e-06,285
2025-06-24,8.613804191698502e-06,285
2025-06-25,8.61798135289131e-06,285
2025-06-26,8.96808826088466e-06,285
2025-06-27,9.305110664573857e-06,285
2025-06-30,9.728990014125025e-06,285
2025-07-01,9.668337190188212e-06,286
2025-07-02,9.66329679908728e-06,286
2025-07-03,9.696554368983194e-06,286
2025-07-04,9.673069081792335e-06,286
2025-07-07,9.643543053961436e-06,286
2025-07-08,9.61790129665245e-06,286
2025-07-09,9.925639514621927e-06,286
2025-07-10,1.0325975781359167e-05,286
2025-07-11,1.018965388009837e-05,286
2025-07-14,8.857230400780943e-07,286
2025-07-15,2.573212473819992e-07,286
2025-07-16,1.5344589440646331e-07,286
2025-07-17,1.5226965950193543e-07,286
2025-07-18,1.2922536417852672e-07,286
2025-07-21,1.3244448990256789e-07,286
2025-07-22,1.4631659941122327e-07,286
2025-07-23,1.592199136729758e-07,286
2025-07-24,2.1797448774707365e-07,286
2025-07-25,2.1060601660987844e-07,286
2025-07-28,1.2211550469801455e-07,286
2025-07-29,1.0440348141252438e-07,286
2025-07-30,9.416474303040599e-08,286
2025-07-31,9.631146815108022e-08,286
2025-08-01,9.585582072607008e-08,286
2025-08-04,9.851976095338582e-08,286
2025-08-06,9.531324447635202e-08,285
2025-08-07,8.683718385548275e-08,285
2025-08-08,8.807432356751839e-08,285
2025-08-11,8.638662673567981e-08,285
2025-08-13,7.44117956519169e-08,284
2025-08-14,7.489023824827127e-08,284
2025-08-15,9.377812181185207e-08,284
2025-08-18,1.1092580718995659e-07,284
2025-08-19,1.109315516131298e-07,284
2025-08-21,1.440611544518238e-07,283
2025-08-22,1.4399047619542703e-07,283
2025-08-25,1.4453977732641998e-07,283
2025-08-26,1.4528906486956264e-07,283
2025-08-28,1.446557612925974e-07,282
2025-08-29,1.416812314844235e-07,282
2025-09-01,1.4238411993678095e-07,282
2025-09-02,1.418485261844003e-07,282
2025-09-03,1.41709242630379e-07,282
2025-09-04,1.4116577083835543e-07,282
2025-09-05,1.3998740691449755e-07,282
2025-09-08,1.4028705786989168e-07,282
2025-09-09,1.3896012367547518e-07,282
2025-09-10,1.379851551244618e-07,282
2025-09-11,1.3771052203566683e-07,282
2025-09-12,1.4239643791407388e-07,282
2025-09-15,1.4089974601299815e-07,282
2025-09-16,1.4177582677040067e-07,282
2025-09-17,1.4332441818673445e-07,282
2025-09-18,1.4409806057838213e-07,282
2025-09-19,1.4445077339006171e-07,282
2025-09-22,1.4801577516511292e-07,282
2025-09-24,1.4717698687120732e-07,281
2025-09-25,1.491104359416164e-07,281
2025-09-26,1.5112912717382224e-07,281
2025-09-29,1.543290740011077e-07,281
2025-09-30,1.5372308981482427e-07,281
2025-10-01,1.5409423661832326e-07,281
2025-10-02,1.5104942132379664e-07,281
2025-10-06,2.6835579802359766e-07,280
2025-10-07,3.0182874623259874e-07,280
2025-10-08,5.452999511515135e-07,280
2025-10-09,5.500436821826751e-07,280
2025-10-10,5.386952762062731e-07,280
2025-10-13,5.387964413695249e-07,280
2025-10-14,5.378486791517469e-07,280
2025-10-15,5.350406231963073e-07,280
2025-10-16,5.302677954999018e-07,280
2025-10-17,5.298592695029674e-07,280
2025-10-20,5.189116624538958e-07,280
2025-10-21,5.901125579178364e-07,280
2025-10-22,5.896466872489137e-07,280
2025-10-23,6.04182516972831e-07,280
2025-10-24,6.048358531580342e-07,280
2025-10-27,5.923683568060691e-07,280
2025-10-28,6.268863090976049e-07,280
2025-10-29,6.407418215509925e-07,280
2025-10-30,6.452825992195158e-07,280
2025-10-31,5.457921311726181e-07,280
2025-11-03,4.156473589972263e-07,280
2025-11-04,3.398440358185653e-07,280
2025-11-05,1.702855552306826e-07,280
2025-11-06,1.6849755357485362e-07,280
2025-11-07,1.6685531908810936e-07,280
2025-11-12,1.6986840282542577e-07,277
2025-11-13,1.7175407445376288e-07,277
2025-11-17,1.794751801090558e-07,276
2025-11-18,1.6393594681659665e-07,276
2025-11-19,1.588541072721173e-07,276
2025-11-21,1.578315677422801e-07,276
2025-11-24,1.581462668515406e-07,276
2025-11-25,1.564893425266375e-07,276
2025-11-26,1.5676605878022334e-07,276
2025-11-27,1.5634899434899263e-07,276
2025-11-28,1.561903342262271e-07,276
2025-12-01,1.5745901844289182e-07,276
2025-12-02,1.590487455744797e-07,276
2025-12-05,1.7124942451226634e-07,274
2025-12-08,1.861986232189726e-07,274
2025-12-09,1.8505318976858982e-07,274
2025-12-10,1.8464827166117253e-07,275
2025-12-11,1.8195209004421146e-07,275
2025-12-12,2.23885903536293e-07,275
2025-12-15,2.2451447931067362e-07,275
2025-12-16,2.233817484763496e-07,276
2025-12-18,2.2610054609869497e-07,276
2025-12-19,2.278779099372989e-07,276
2025-12-22,2.2697094257820378e-07,276
2025-12-23,2.3063464108672886e-07,276
2025-12-26,2.441498671160315e-07,276
2025-12-29,2.4697670773691197e-07,276
2025-12-30,2.4805526008100226e-07,276
2026-01-02,2.521082767792029e-07,276
2026-01-05,2.7134819278751883e-07,276
2026-01-06,2.7989827354604963e-07,276
2026-01-07,2.806388313730258e-07,276
2026-01-09,2.0784312518346123e-06,275
2026-01-12,3.4635420887091993e-06,275
2026-01-14,1.9593223145731775e-07,274
2026-01-15,1.4039145830329295e-07,274
2026-01-16,1.4115237773605266e-07,274
2026-01-19,1.4001231578623359e-07,274
2026-01-20,1.398648968358199e-07,274
2026-01-21,1.3791295841659413e-07,274
2026-01-22,1.3970313464469793e-07,274
2026-01-23,1.4032592535990843e-07,274
2026-01-27,1.3458261053235989e-07,273
2026-01-28,1.3424241166268713e-07,273
2026-01-29,1.3343085044390782e-07,273
2026-01-30,1.3071902773249507e-07,273
2026-02-02,1.3176697250787584e-07,273
2026-02-03,1.3971900200192807e-07,273
2026-02-04,1.4050929965204525e-07,273
2026-02-05,1.422583498692012e-07,274
2026-02-06,1.3944948709368127e-07,274
2026-02-09,1.3987074818945613e-07,275
2026-02-10,1.6417410052717509e-07,275
2026-02-11,1.6014647457185866e-07,275
2026-02-12,1.602049492392303e-07,275
2026-02-13,1.638248201176822e-07,275
2026-02-18,1.616021126768519e-07,275
2026-02-19,1.6302663379751375e-07,275
2026-02-20,1.6301263251959777e-07,277
2026-02-23,1.5949535578574032e-07,277
2026-02-24,1.577654623991228e-07,277
2026-02-25,1.9644089586971516e-07,277
2026-02-27,1.9941820042199364e-07,276
2026-03-02,2.0541624389296725e-07,276
2026-03-03,2.055296023318769e-07,276
2026-03-04,2.108303903558633e-07,276
2026-03-05,1.9974892565891865e-07,276
2026-03-06,2.0361909303481627e-07,276
2026-03-09,1.9925714110967444e-07,276
2026-03-10,2.0069891002242221e-07,276
2026-03-11,2.020463655058347e-07,276
2026-03-12,1.995095917953826e-07,276
2026-03-16,2.156832968513542e-07,275
2026-03-17,2.141981116338161e-07,275
2026-03-18,2.143001500568085e-07,275
2026-03-19,2.149631305831293e-07,275
2026-03-20,2.1541208375610696e-07,275
2026-03-23,2.0935180332943518e-07,275
2026-03-24,2.729039759341392e-07,275
2026-03-25,2.4031952975850547e-07,275
2026-03-26,2.520134728384007e-07,275
