date,nll_joint,nll_ind,n_stocks
2023-01-02,365.34896971603314,1.1900617906059712,307
2023-01-03,396.5597204042167,1.2917254736293704,307
2023-01-04,181.41597246400488,0.59093150639741,307
2023-01-05,439.7665430748675,1.4324643096901222,307
2023-01-06,266.58725200019825,0.8683623843654666,307
2023-01-10,305.3372497719107,1.0011057369570844,305
2023-01-11,197.17732041693048,0.6464830177604278,305
2023-01-12,2002.116403531849,6.564316077153603,305
2023-01-13,163.48644255553094,0.5360211231328883,305
2023-01-16,266.74283574395486,0.8745666745703438,305
2023-01-17,199.2898534800022,0.6534093556721383,305
2023-01-18,217.8986857694478,0.7144219205555666,305
2023-01-19,192.5491019696892,0.6313085310481613,305
2023-01-20,254.5378667414772,0.8345503827589416,305
2023-01-23,232.21104289814056,0.7613476816332477,305
2023-01-24,189.83543620952864,0.6224112662607496,305
2023-01-25,298.1055375085032,0.977395204945912,305
2023-01-26,156.93327712055958,0.5145353348215068,305
2023-01-27,208.20388238903146,0.6826356799640376,305
2023-01-30,266.4892547097686,0.8737352613435037,305
2023-01-31,265.0532629082529,0.8690270915024686,305
2023-02-01,222.50463291725876,0.7295233866139631,305
2023-02-02,266.7737160880864,0.8746679216002833,305
2023-02-03,159.1744146845043,0.5218833268344404,305
2023-02-06,170.001033356075,0.5573804372330328,305
2023-02-07,167.4925509330669,0.54915590469858,305
2023-02-08,201.4447549385776,0.6604746063559921,305
2023-02-09,216.09444821400848,0.7085063875869131,305
2023-02-10,290.4332975139353,0.9522403197178207,305
2023-02-13,218.1008150502531,0.7150846395090266,305
2023-02-14,573.8076107329513,1.881336428632627,305
2023-02-15,281.51260992886193,0.9229921637011866,305
2023-02-16,208.59907557022552,0.6839313953122148,305
2023-02-17,183.46700902917854,0.6015311771448477,305
2023-02-23,196.0123137087773,0.6447773477262411,304
2023-02-24,160.75855350923698,0.5288110312803848,304
2023-02-27,212.73121110227936,0.6997737207311822,304
2023-02-28,224.55056981755507,0.7386531901893258,304
2023-03-01,406.0643757879226,1.3357380782497454,304
2023-03-03,228.12143558370278,0.7528760250287221,303
2023-03-06,344.69298522302205,1.1376006112971024,303
2023-03-07,229.58575748932057,0.7577087705918171,303
2023-03-08,286.2695287761377,0.9447839233535897,303
2023-03-09,393.0771604578438,1.297284357946679,303
2023-03-10,260.5031896254829,0.8597465004141349,303
2023-03-13,198.83909933062134,0.6562346512561761,303
2023-03-14,194.55633728241665,0.6421001230442793,303
2023-03-15,208.4773399549365,0.6880440262539158,303
2023-03-16,206.55657597194363,0.6817048711945334,303
2023-03-17,348.08445605000577,1.1487935843234514,303
2023-03-20,223.9994790533746,0.7392722080969459,303
2023-03-21,155.24796064680248,0.5123695070851567,303
2023-03-22,225.4345096856782,0.7415608871239414,304
2023-03-23,212.42685575860057,0.6987725518375019,304
2023-03-24,239.40562915669514,0.7875185169628129,304
2023-03-27,185.07155039424484,0.6087879947179107,304
2023-03-28,237.99809251045298,0.7828884622054374,304
2023-03-29,521.9623491164602,1.7169814115673034,304
2023-03-30,187.94064174433578,0.6161988253912648,305
2023-03-31,246.39567089754917,0.8078546586804891,305
2023-04-04,219.6145698026297,0.7248005604047184,303
2023-04-05,1666.0470745202488,5.498505196436464,303
2023-04-06,155.92970626577088,0.5146194926263065,303
2023-04-10,161.41084406453123,0.5327090563185849,303
2023-04-11,188.7027349130622,0.6227813033434395,303
2023-04-12,183.36073770382055,0.6051509495175595,303
2023-04-13,211.8966284818321,0.699328806870733,303
2023-04-14,206.6025954461492,0.6818567506473571,303
2023-04-17,212.3474160625017,0.7008165546617218,303
2023-04-18,180.429294621406,0.5954762198726271,303
2023-04-19,160.80940576171605,0.5307241114248055,303
2023-04-20,205.3205714032486,0.6776256481955399,303
2023-04-24,1534.4156924249469,5.064078192821607,303
2023-04-25,256.14357260334214,0.8453583254235714,303
2023-04-26,228.78501527537105,0.7550660570144259,303
2023-04-27,175.9336112781265,0.580638981115929,303
2023-04-28,242.20342401017274,0.7993512343570057,303
2023-05-03,218.73101826306578,0.7242748949108139,302
2023-05-04,191.42733775258657,0.6338653567966442,302
2023-05-05,261.99807759166646,0.8675433032836638,302
2023-05-08,204.22843063743034,0.6762530815808951,302
2023-05-09,185.87731528713596,0.6154877989640264,302
2023-05-10,243.54496145865613,0.8064402697306494,302
2023-05-11,383.85827420739804,1.271053888103967,302
2023-05-12,300.4035081220985,0.9947136030533064,302
2023-05-15,216.03875774080868,0.7153601249695651,302
2023-05-16,353.7513836526846,1.1713621975254456,302
2023-05-17,179.77711511982017,0.5952884606616562,302
2023-05-18,198.69782031064074,0.657939802353115,302
2023-05-19,203.04134462040238,0.6723223331801403,302
2023-05-22,215.88844501657368,0.7148624007171314,302
2023-05-23,142.47771467504683,0.4717805121690292,302
2023-05-24,159.60538710909432,0.5284946593016369,302
2023-05-25,203.09351401852535,0.6724950795315409,302
2023-05-26,178.72351348194726,0.5917997135163817,302
2023-05-29,143.69511534292502,0.475811640208361,302
2023-05-30,161.63180840892386,0.5352046636057082,302
2023-05-31,207.24785060196248,0.6862511609336506,302
2023-06-01,200.80369561736353,0.6649128993952435,302
2023-06-02,218.4098545229107,0.7232114388175851,302
2023-06-05,205.825937511129,0.6815428394408245,302
2023-06-06,198.03237971016628,0.6557363566561797,302
2023-06-07,179.17469815601677,0.5932937025033668,302
2023-06-09,231.61248784475615,0.7643976496526605,303
2023-06-12,229.21017465660233,0.7564692232891166,303
2023-06-13,179.20886576955783,0.5914484018797288,303
2023-06-14,257.90345965279147,0.8511665335075626,303
2023-06-15,192.9937659017428,0.63694312178793,303
2023-06-16,228.3932636996189,0.7537731475234947,303
2023-06-19,331.27920207715965,1.0933306999246193,303
2023-06-20,218.06786447520975,0.7196959223604282,303
2023-06-21,303.44567727173563,1.001470882084936,303
2023-06-22,197.40493612575548,0.651501439358929,303
2023-06-23,273.61670503907953,0.9030254291718797,303
2023-06-26,191.99121029131624,0.6336343573970833,303
2023-06-27,168.62614865678938,0.5565219427616811,303
2023-06-28,180.10920729860769,0.5944198260680121,303
2023-06-29,158.39512826086826,0.5227561988807533,303
2023-06-30,193.60670966089998,0.6389660384848184,303
2023-07-03,201.54202312576638,0.6651551918342125,303
2023-07-04,162.75109058650787,0.5371323121666927,303
2023-07-05,168.32724528695888,0.5555354629932636,303
2023-07-06,128.12574178627153,0.4228572336180579,303
2023-07-07,156.21202209112178,0.5155512280235043,303
2023-07-10,187.65659884217473,0.6193287090500816,303
2023-07-11,146.93730535500035,0.48494160183168433,303
2023-07-12,182.89903922101053,0.6036271921485495,303
2023-07-13,201.06420734396275,0.663578242059283,303
2023-07-14,144.677990890792,0.4774851184514587,303
2023-07-17,132.51724299289873,0.43735063694025983,303
2023-07-18,156.62813682772787,0.5169245439859006,303
2023-07-19,163.95439808028834,0.5411036240273542,303
2023-07-20,154.01000289318247,0.5082838379312953,303
2023-07-21,135.4606001062926,0.4455940792970151,304
2023-07-24,254.63902756456153,0.837628380146584,304
2023-07-25,148.6062440263545,0.4888363290340608,304
2023-07-26,129.63030940002946,0.4264154914474653,304
2023-07-27,140.89121125470442,0.4634579317588961,304
2023-07-28,166.8514317006593,0.5488533937521688,304
2023-07-31,168.32505645926892,0.5537008436160162,304
2023-08-01,161.13648924149828,0.5300542409259812,304
2023-08-02,161.24915445655697,0.5304248501860427,304
2023-08-03,199.90616364534392,0.6575860646228419,304
2023-08-04,183.06437615389947,0.6021854478746693,304
2023-08-07,212.86184415256932,0.7002034347123991,304
2023-08-09,221.58886669748463,0.7313163917408734,303
2023-08-10,282.4821970018582,0.9322844785539874,303
2023-08-11,293.9668388378946,0.9701875869237446,303
2023-08-14,347.1559195518647,1.1457291074318967,303
2023-08-15,314.4202010909851,1.037690432643515,303
2023-08-16,322.0409532991881,1.0628414300303237,303
2023-08-17,179.71410640979929,0.5931158627386115,303
2023-08-18,144.11488988676723,0.4756266992962615,303
2023-08-21,171.08855829326592,0.5646487072385014,303
2023-08-23,218.09529186912482,0.7221698406262411,302
2023-08-24,156.34245523080247,0.5176902491086175,302
2023-08-25,155.33135308450048,0.514342228756624,302
2023-08-28,169.81353553193958,0.5622964752713231,302
2023-08-29,237.45588354878717,0.7836827839893966,303
2023-08-30,162.86357043011822,0.5375035327726674,303
2023-08-31,172.31548188675023,0.568697960022278,303
2023-09-01,209.68641384983331,0.6920343691413641,303
2023-09-04,188.79472910697731,0.6230849145444796,303
2023-09-05,163.27864846801737,0.538873427287186,303
2023-09-06,181.26988635620253,0.5982504500204704,303
2023-09-08,126.05594373994602,0.4160262169635182,303
2023-09-11,155.15967254918547,0.5120781272250345,303
2023-09-12,163.08774484705344,0.5382433823335098,303
2023-09-13,168.87658712604886,0.5573484723631975,303
2023-09-15,199.22803077367905,0.6596954661380101,302
2023-09-18,176.50614910799274,0.5844574473774594,302
2023-09-19,141.21081977225452,0.4675854959346176,302
2023-09-20,128.27861838015866,0.42476363702039294,302
2023-09-21,126.84031229328988,0.42000103408374134,302
2023-09-22,131.92810735454242,0.4368480375978226,302
2023-09-25,231.00675870013097,0.7649230420534138,302
2023-09-26,153.8660150049783,0.5094901159105242,302
2023-09-28,131.80857921383136,0.4379022565243567,301
2023-09-29,170.58361568394722,0.5667229756941768,301
2023-10-02,286.8562417825567,0.9530107700417166,301
2023-10-03,158.11000044808324,0.5252823935152268,301
2023-10-04,170.33458688211,0.565895637482093,301
2023-10-05,182.27812433778374,0.6055751639129028,301
2023-10-06,153.62072430484847,0.5103678548333836,301
2023-10-09,184.61011541883784,0.6133226425875011,301
2023-10-10,194.90061315777916,0.6475103427168742,301
2023-10-11,159.95872952624617,0.5314243505855355,301
2023-10-13,164.5156110869993,0.5465634919833864,301
2023-10-16,143.0325563560573,0.47519121712975854,301
2023-10-17,153.98640088792263,0.5115827272024007,301
2023-10-18,186.6130000035579,0.6199767441978667,301
2023-10-19,186.4361930508683,0.6193893456839479,301
2023-10-23,196.7613226245555,0.655871075415185,300
2023-10-24,168.49267933597847,0.5616422644532616,300
2023-10-25,174.92831557899845,0.5830943852633281,300
2023-10-26,145.13160686574818,0.48377202288582727,300
2023-10-27,180.75276999162185,0.6025092333054062,300
2023-10-30,132.33346307334284,0.44111154357780946,300
2023-10-31,231.26735764039202,0.7708911921346401,300
2023-11-01,184.75988107433696,0.6158662702477898,300
2023-11-06,206.17459756731816,0.6895471490545758,299
2023-11-07,192.70189538943342,0.6444879444462656,299
2023-11-08,221.8464177024266,0.7419612632188181,299
2023-11-09,296.625248594841,0.9920576876081639,299
2023-11-10,432.3430362607053,1.445963331975603,299
2023-11-13,160.23548146008307,0.5359046202678364,299
2023-11-14,273.55337298587654,0.9148942240330319,299
2023-11-16,255.65041944700695,0.8550181252408259,299
2023-11-17,144.0978220967221,0.4819325153736525,299
2023-11-20,146.58698351413227,0.49025746994693065,299
2023-11-21,121.21014993881987,0.4053851168522404,299
2023-11-22,152.36224960920993,0.5095727411679262,299
2023-11-23,111.12369503698147,0.3716511539698377,299
2023-11-24,105.78664803300184,0.35380149843813324,299
2023-11-27,136.31356475171083,0.4558982098719426,299
2023-11-28,126.86897896890532,0.4243109664511884,299
2023-11-29,143.1136809801623,0.47864107351224844,299
2023-11-30,174.28220482560266,0.5828836281792731,299
2023-12-01,196.4174966291854,0.6569147044454361,299
2023-12-04,185.33249148686988,0.6198411086517387,299
2023-12-05,189.98609662492726,0.6354050054345394,299
2023-12-06,182.1931225195288,0.6093415468880562,299
2023-12-07,149.3613563370331,0.4995363088195087,299
2023-12-08,462.04651052233805,1.5453060552586557,299
2023-12-11,128.54168582064563,0.4299053037479787,299
2023-12-12,163.20406655806522,0.5458329985219572,299
2023-12-13,136.67914392374905,0.4571208826881239,299
2023-12-14,158.01158514079356,0.5284668399357644,299
2023-12-15,176.57796901821354,0.590561769291684,299
2023-12-18,125.46031317665991,0.4195997096209361,299
2023-12-19,116.389551533797,0.3892627141598562,299
2023-12-20,122.44188639119925,0.4095046367598637,299
2023-12-21,129.37691517228512,0.4326987129507864,299
2023-12-22,170.5822906492101,0.5705093332749502,299
2023-12-27,108.32356641082526,0.36350190070746735,298
2023-12-28,150.743132632869,0.50247710877623,300
2024-01-02,724.0378896703189,2.4134596322343964,300
2024-01-03,145.950396397653,0.48650132132551005,300
2024-01-04,161.51251244968114,0.5383750414989371,300
2024-01-05,137.8351952852999,0.4594506509509997,300
2024-01-08,148.68060627453303,0.49560202091511013,300
2024-01-09,165.92191597411747,0.5530730532470582,300
2024-01-10,108.5245026124154,0.3617483420413847,300
2024-01-11,125.98077854156466,0.4199359284718822,300
2024-01-12,124.48264426724293,0.41494214755747644,300
2024-01-15,145.15170881307654,0.4838390293769218,300
2024-01-16,131.14130737825835,0.43713769126086116,300
2024-01-17,121.69130070489581,0.40563766901631937,300
2024-01-18,144.2213604783684,0.48073786826122805,300
2024-01-19,99.05665560240183,0.33018885200800613,300
2024-01-22,107.98933468182057,0.3599644489394019,300
2024-01-23,181.373184480646,0.6045772816021533,300
2024-01-24,157.61739103377423,0.5253913034459141,300
2024-01-25,131.81177972779736,0.43937259909265786,300
2024-01-26,100.87847227170855,0.33626157423902847,300
2024-01-29,256.90903413183867,0.8563634471061289,300
2024-01-30,200.46601971021045,0.6682200657007015,300
2024-01-31,153.5862388538761,0.5119541295129203,300
2024-02-01,208.440571258198,0.6948019041939933,300
2024-02-02,143.69612484626805,0.4789870828208935,300
2024-02-05,167.4528536271155,0.5581761787570517,300
2024-02-06,168.04617743567096,0.5601539247855698,300
2024-02-07,254.80793298800725,0.8493597766266908,300
2024-02-08,188.6810600625735,0.628936866875245,300
2024-02-09,196.66047649380556,0.6555349216460186,300
2024-02-14,152.84295761340965,0.5094765253780321,300
2024-02-15,128.86407905115192,0.4295469301705064,300
2024-02-19,128.34125377797582,0.4292349624681466,299
2024-02-20,173.1803117076922,0.5791983669153585,299
2024-02-21,282.7521460446899,0.9456593513200331,299
2024-02-22,141.69920481204997,0.4739103839867892,299
2024-02-23,177.01425165885456,0.592020908558042,299
2024-02-26,214.84365349047852,0.7185406471253462,299
2024-02-27,433.7830256539379,1.4507793500131703,299
2024-02-28,200.67867879401018,0.671166149812743,299
2024-02-29,135.83122802052623,0.45277076006842076,300
2024-03-01,156.0074658565228,0.5200248861884094,300
2024-03-04,131.91181960583225,0.4397060653527742,300
2024-03-05,175.5321165980921,0.5851070553269737,300
2024-03-06,214.58226304795895,0.7152742101598631,300
2024-03-07,161.58117009292525,0.5386039003097508,300
2024-03-08,241.5852881476281,0.8026089307230169,301
2024-03-11,122.58721054698137,0.4072664802225295,301
2024-03-12,138.83197550294494,0.46123579901310613,301
2024-03-13,125.73697195943194,0.41773080385193334,301
2024-03-14,121.56978823559757,0.4038863396531481,301
2024-03-15,259.55818454388543,0.8623195499796859,301
2024-03-18,237.26108761992003,0.7882428160130234,301
2024-03-19,153.25212448856277,0.5091432707261222,301
2024-03-20,214.59770738278678,0.7129491939627468,301
2024-03-21,220.34481694049026,0.7320425811976421,301
2024-03-22,205.0560677941987,0.6812493946651119,301
2024-03-25,177.1164317762505,0.5884266836420282,301
2024-03-26,198.05541662704476,0.6579914173655972,301
2024-03-27,266.7748906786376,0.8862953178692278,301
2024-03-28,279.5671727495229,0.9287945938522356,301
2024-04-01,206.10059045733377,0.6847195696256936,301
2024-04-02,169.6385127699726,0.5635830989035635,301
2024-04-03,211.76366145186978,0.7035337589763115,301
2024-04-04,168.64719450559605,0.560289682742844,301
2024-04-05,151.98040927076357,0.5049183032251281,301
2024-04-08,164.8004560593233,0.547509820795094,301
2024-04-09,145.73655715564792,0.4825713813100924,302
2024-04-10,141.29675653366604,0.46632592915401333,303
2024-04-11,107.1312909027767,0.35356861684084717,303
2024-04-12,130.01279646331037,0.42908513684260846,303
2024-04-15,223.6188237351643,0.7380159199180341,303
2024-04-16,136.4512277358703,0.45033408493686566,303
2024-04-18,160.99976518929006,0.5331118052625499,302
2024-04-19,255.1093952117323,0.8447330967275904,302
2024-04-22,181.24640590018106,0.6001536619211293,302
2024-04-23,209.81190872210377,0.6947414196096151,302
2024-04-24,192.11331632891458,0.636136809036141,302
2024-04-25,216.9203721297505,0.718279377913081,302
2024-04-26,132.96261156936362,0.44027354824292586,302
2024-04-30,200.27475342030823,0.6653646293033496,301
2024-05-02,230.64929379690992,0.7662767235777738,301
2024-05-03,179.06827583436166,0.5949112153965503,301
2024-05-06,218.3647780182086,0.7254643787980352,301
2024-05-07,219.29731774198575,0.728562517415235,301
2024-05-08,188.865557292233,0.62746032323001,301
2024-05-09,260.0425948204112,0.8639288864465487,301
2024-05-10,286.9761731376354,0.9502522289325676,302
2024-05-13,203.07167699633078,0.672422771511029,302
2024-05-14,273.8531736863122,0.906798588365272,302
2024-05-15,241.57185054535128,0.7999067898852692,302
2024-05-16,253.8596125516465,0.8405947435484984,302
2024-05-20,172.4359600970474,0.570980000321349,302
2024-05-21,150.30151425819545,0.49768713330528297,302
2024-05-22,191.99769099745427,0.6357539437001797,302
2024-05-24,182.17611805635246,0.6052362726124667,301
2024-05-27,103.74116902807795,0.34465504660491014,301
2024-05-28,176.23434975550944,0.5854961785897324,301
2024-05-29,132.56313085807432,0.4404090726181871,301
2024-06-04,169.3266803936409,0.5663099678717087,299
2024-06-05,150.66368709279118,0.5038919300762247,299
2024-06-06,155.17850775159823,0.5189916647210643,299
2024-06-07,161.71513601590516,0.5408532977120574,299
2024-06-10,143.8728484997159,0.4811800953167756,299
2024-06-11,167.77599022558152,0.5611237131290352,299
2024-06-12,123.53656236306786,0.4131657604115982,299
2024-06-13,102.71933250643642,0.34354291808172716,299
2024-06-14,109.29331399358266,0.3655294782394069,299
2024-06-17,184.3590360690305,0.6165854049131455,299
2024-06-18,181.60519055692197,0.6073752192539196,299
2024-06-19,198.5091034210784,0.6639100448865498,299
2024-06-20,147.1640619495999,0.492187498159197,299
2024-06-21,177.45211811653212,0.5934853448713449,299
2024-06-24,164.65546876832627,0.5488515625610876,300
2024-06-26,126.13074859932443,0.4218419685596135,299
2024-06-27,172.8838303755811,0.578206790553783,299
2024-06-28,148.9381317488077,0.49646043916269234,300
2024-07-01,246.01110247194444,0.8200370082398148,300
2024-07-02,252.47217580202883,0.8415739193400961,300
2024-07-03,247.28365560868954,0.8242788520289651,300
2024-07-04,179.2210305078662,0.5954187060062001,301
2024-07-05,207.55203609260198,0.6895416481481793,301
2024-07-08,189.39865519321398,0.6292314126020399,301
2024-07-09,240.12806638469024,0.7977676624076088,301
2024-07-10,267.09394796972583,0.8873553088695211,301
2024-07-11,139.21471765402546,0.46250736762134703,301
2024-07-12,172.1190665265678,0.5718241412842784,301
2024-07-15,138.0610181807973,0.45867447900597114,301
2024-07-16,198.71699673445934,0.6601893579217918,301
2024-07-17,137.8819459630919,0.4580795546946575,301
2024-07-18,110.86161752871102,0.36831102169006985,301
2024-07-19,141.18553684837352,0.4690549396955931,301
2024-07-22,297.77584950102755,0.9892885365482643,301
2024-07-23,145.7630626608878,0.4842626666474678,301
2024-07-25,137.0887598302758,0.4584908355527618,299
2024-07-26,390.37807574460646,1.3056122934602223,299
2024-07-29,162.72542440743155,0.5442321886536172,299
2024-07-30,127.61856611067681,0.42681794685845087,299
2024-07-31,202.92488380458255,0.67867854115245,299
2024-08-02,261.4633670494726,0.8803480372036114,297
2024-08-05,197.69513870095835,0.6656401976463244,297
2024-08-06,254.26430978788045,0.8561087871645806,297
2024-08-07,258.74996659604903,0.8712120087409059,297
2024-08-08,300.534048046894,1.0118991516730438,297
2024-08-09,264.84369015261206,0.8917295964734413,297
2024-08-12,288.99140403918767,0.9730350304349753,297
2024-08-13,456.1249397440672,1.535774207892482,297
2024-08-14,382.5623834921774,1.2880888333069946,297
2024-08-15,841.2486203763726,2.832486937294184,297
2024-08-19,311.48234561149735,1.0558723580050757,295
2024-08-20,157.54052976381408,0.534035694114624,295
2024-08-21,209.93205222766161,0.7116340753480055,295
2024-08-22,133.73366484445557,0.45333445709984943,295
2024-08-23,186.95269564558606,0.6337379513409697,295
2024-08-26,142.63216029451408,0.48349884845597996,295
2024-08-28,196.4910979313456,0.666071518411341,295
2024-08-29,153.92294721278776,0.5217727024162297,295
2024-08-30,204.91808754835745,0.6946375849096863,295
2024-09-02,249.99925335455353,0.8474550961171307,295
2024-09-03,206.2813107772175,0.6992586806007373,295
2024-09-04,131.0991286699291,0.44440382599975964,295
2024-09-05,184.35791806480185,0.6249420951349215,295
2024-09-06,130.58182074517063,0.44265023981413776,295
2024-09-09,132.35630196315037,0.4486654303835606,295
2024-09-10,121.45263723280299,0.4117038550264508,295
2024-09-11,149.08284229168592,0.5053655670904608,295
2024-09-12,88.67439936803308,0.3005911842984172,295
2024-09-13,249.8977981937616,0.8471111803178359,295
2024-09-16,213.10473049048812,0.7223889169169089,295
2024-09-17,156.24754602084272,0.529652698375738,295
2024-09-18,193.29250798169505,0.6552288406159155,295
2024-09-19,252.55078225505648,0.85610434662731,295
2024-09-20,184.64288028359883,0.6259080687579621,295
2024-09-23,206.89168859101912,0.701327757935658,295
2024-09-24,225.71976580115904,0.7651517484785052,295
2024-09-26,255.7377617996371,0.8728251255960311,293
2024-09-27,204.97457628117556,0.6995719327002579,293
2024-09-30,192.9923904912998,0.6586771006529003,293
2024-10-01,207.32474875770114,0.7051862202642896,294
2024-10-02,151.31079931876974,0.5146625827169039,294
2024-10-03,195.12559816448538,0.6636925107635557,294
2024-10-04,170.60089951955555,0.5802751684338624,294
2024-10-07,143.28636353397138,0.48736858344888223,294
2024-10-08,211.33420197637045,0.718823816246158,294
2024-10-09,107.26620570811309,0.3648510398235139,294
2024-10-10,148.07229987815433,0.5036472784971235,294
2024-10-11,134.852216182965,0.458681007425051,294
2024-10-14,118.1754692528978,0.401957378411217,294
2024-10-15,118.5002122940668,0.4030619465784585,294
2024-10-16,154.67996454831618,0.5261223283956332,294
2024-10-17,114.7811721872218,0.3904121502966728,294
2024-10-18,423.34448064069943,1.4399472130636035,294
2024-10-21,149.26425395199456,0.5077015440544033,294
2024-10-22,246.46689239023846,0.8383227632321036,294
2024-10-23,168.62340287617585,0.5735489893747477,294
2024-10-24,139.9330284249341,0.4759626817174629,294
2024-10-25,133.5118571172709,0.4541219629839146,294
2024-10-28,228.3797511740923,0.7768018747418105,294
2024-10-29,156.8149152137776,0.533384065352985,294
2024-10-30,172.59120067744243,0.5870449002634096,294
2024-10-31,116.45491726386605,0.39610516076144914,294
2024-11-04,173.44155882095367,0.589937274901203,294
2024-11-05,302.9549060338934,1.0304588640608618,294
2024-11-06,161.49413290264113,0.549299771777691,294
2024-11-07,292.4041983919542,0.9945721033739938,294
2024-11-08,204.37906261831102,0.6951668796541192,294
2024-11-11,388.4528886412653,1.3212683287117868,294
2024-11-12,760.8565214754373,2.5879473519572698,294
2024-11-13,190.25409955429677,0.6471227875996489,294
2024-11-14,629.4315590695046,2.140923670304437,294
2024-11-18,291.54287751153515,0.9916424405154257,294
2024-11-19,156.70836446600808,0.5330216478435649,294
2024-11-21,163.2022425476707,0.5551096685294922,294
2024-11-22,145.64180854227757,0.49538030116420945,294
2024-11-25,141.3737397786973,0.4808630604717596,294
2024-11-26,170.89239950159626,0.5812666649714159,294
2024-11-27,226.5177334452267,0.7704684811062132,294
2024-11-28,523.125738365597,1.7793392461414865,294
2024-11-29,217.7770509523453,0.7407382685453922,294
2024-12-02,279.6953295409969,0.9513446583027105,294
2024-12-03,254.09082153189385,0.8642544950064417,294
2024-12-04,593.093183347576,2.0173237528829113,294
2024-12-06,160.89343833917744,0.5491243629323462,293
2024-12-09,256.4491758615645,0.8752531599370803,293
2024-12-10,391.83051666299883,1.3373055176211563,293
2024-12-11,1040.7322368260102,3.551987156402765,293
2024-12-12,410.34950362851686,1.4005102512918663,293
2024-12-13,231.2435089581413,0.7892269930311989,293
2024-12-16,367.4716550040134,1.2541694710034588,293
2024-12-17,349.7700555329684,1.1937544557439195,293
2024-12-18,266.4232604757817,0.9092944043542038,293
2024-12-19,262.4967456145407,0.8958933297424597,293
2024-12-20,250.21621710261692,0.8539802631488632,293
2024-12-26,228.90359354359126,0.7839164162451755,292
2024-12-27,241.38035744559005,0.8266450597451714,292
2024-12-30,298.04102834859395,1.0206884532486094,292
2025-01-02,284.62641023929825,0.9747479802715694,292
2025-01-03,240.0236933443318,0.8219989498093555,292
2025-01-06,250.28114022517698,0.857127192551976,292
2025-01-07,173.93703492878,0.5956747771533561,292
2025-01-08,327.36015231229214,1.1210964120283977,292
2025-01-09,186.95505201579758,0.6402570274513616,292
2025-01-10,163.8057743214931,0.5609786791831955,292
2025-01-13,166.18620258550544,0.5691308307722789,292
2025-01-14,138.90462251744367,0.47570076204603995,292
2025-01-15,195.53368373133253,0.669635903189495,292
2025-01-16,178.09211464258368,0.6099045022006291,292
2025-01-17,245.1255015570659,0.8394708957433763,292
2025-01-20,177.59096654679945,0.6081882415986283,292
2025-01-21,169.04260290522978,0.5789130236480472,292
2025-01-22,162.9514746946537,0.558052995529636,292
2025-01-23,135.12398018840176,0.46275335680959506,292
2025-01-24,172.74677116682832,0.5915985313932477,292
2025-01-27,184.33136302597944,0.6312717911848611,292
2025-01-28,122.94179820932669,0.42103355551139277,292
2025-01-29,141.02041588835334,0.4829466297546347,292
2025-01-30,150.4553119141952,0.5152579175143671,292
2025-02-03,223.57190500716376,0.7682883333579511,291
2025-02-04,184.28329074677535,0.6332759132191593,291
2025-02-05,196.10190507014119,0.6738897081448151,291
2025-02-06,157.27203321198556,0.5404537223779572,291
2025-02-07,146.64321480464875,0.5039285732118514,291
2025-02-10,140.5791765890561,0.4830899539142821,291
2025-02-11,219.9346843823639,0.7557892934101853,291
2025-02-12,224.67615922786456,0.7720830214015965,291
2025-02-13,132.76526335817914,0.4562380184129867,291
2025-02-14,177.5327187596334,0.6100780713389464,291
2025-02-17,209.4875686424463,0.7198885520358979,291
2025-02-18,186.17702499337446,0.6397835910425239,291
2025-02-20,195.60864873125425,0.6745125818319112,290
2025-02-21,187.22221782818696,0.645593854579955,290
2025-02-24,201.654452750282,0.6953601818975241,290
2025-02-25,200.65218206363716,0.6919040760815074,290
2025-02-26,186.7708347633425,0.6440373612529051,290
2025-02-27,240.39120203595877,0.8289351794343406,290
2025-02-28,208.58577867002035,0.7192613057586908,290
2025-03-05,202.8830196840375,0.6995966196001293,290
2025-03-06,194.10430835216792,0.6693252012143721,290
2025-03-07,179.2334194923331,0.6180462741114935,290
2025-03-10,237.65120949979135,0.8194869293096253,290
2025-03-11,153.44224438532004,0.5291111875355864,290
2025-03-12,222.34643508157174,0.766711845108868,290
2025-03-13,233.19150331692038,0.8041086321273117,290
2025-03-14,452.66107337756995,1.5609002530261034,290
2025-03-17,184.564856397064,0.6364305393002208,290
2025-03-18,164.4648243515609,0.5671200839708996,290
2025-03-19,173.28486686978314,0.5975340236889074,290
2025-03-20,171.13113487055102,0.5901073616225897,290
2025-03-21,215.69991794525453,0.7437928205008777,290
2025-03-24,227.05503551147018,0.7829483983154144,290
2025-03-25,248.64255987968792,0.8573881375161653,290
2025-03-26,254.46994856627558,0.8744671772036962,291
2025-03-27,218.84326830046558,0.7520387226820123,291
2025-03-28,374.86107972190996,1.288182404542646,291
2025-03-31,196.53970041905418,0.6753941595156501,291
2025-04-01,259.83173867679466,0.8928925727724902,291
2025-04-03,266.66911321075963,0.9195486662439988,290
2025-04-04,220.13935144745108,0.7591012118877624,290
2025-04-07,277.58327690128255,0.9571837134526985,290
2025-04-08,220.50248602614494,0.760353400090155,290
2025-04-09,230.21937320975846,0.7938599076198568,290
2025-04-10,240.10965585973284,0.8279643305508029,290
2025-04-11,174.92070216873265,0.6031748350645953,290
2025-04-14,215.13684974479196,0.741851206016524,290
2025-04-16,180.88492988568382,0.6258994113691482,289
2025-04-17,187.49672031804278,0.6487775789551653,289
2025-04-23,240.0584368480269,0.833536239055649,288
2025-04-24,301.11126778704494,1.0455252353716837,288
2025-04-25,209.27729331817824,0.7266572684658966,288
2025-04-28,183.50603331547242,0.6371737267898347,288
2025-04-30,249.6980041790724,0.8700278891256878,287
2025-05-02,418.0673187474673,1.456680553127064,287
2025-05-05,191.90555796881006,0.6686604807275611,287
2025-05-06,259.7079861147273,0.9017638406761365,288
2025-05-07,193.31317401149474,0.6712262986510233,288
2025-05-08,284.47838468699484,0.9877721690520654,288
2025-05-09,455.9480973895453,1.5831531159359211,288
2025-05-12,205.16604531318916,0.7123821017819068,288
2025-05-13,210.0119589937428,0.7266849792171032,289
2025-05-15,329.3485183439989,1.1435712442499961,288
2025-05-16,300.8828672820794,1.0447321780627759,288
2025-05-19,282.2991358768778,0.9802053329058258,288
2025-05-20,194.092435684912,0.6739320683503889,288
2025-05-21,246.79552665221271,0.8569289119868497,288
2025-05-22,142.1556016173073,0.4935958389489837,288
2025-05-23,252.32676907982497,0.8761346148605034,288
2025-05-26,148.3690508799166,0.515170315555266,288
2025-05-27,223.391712897408,0.7756656697826667,288
2025-05-28,123.8158290537306,0.4299160731032312,288
2025-05-29,150.30665360115734,0.5218981027817963,288
2025-05-30,215.59847515529785,0.7486058165114509,288
2025-06-03,191.1081225304878,0.6658819600365429,287
2025-06-04,163.78051739462992,0.5706638236746687,287
2025-06-05,163.92520504255225,0.5711679618207396,287
2025-06-06,134.2150011311984,0.4676480875651512,287
2025-06-10,160.54544224373728,0.5613477001529276,286
2025-06-11,240.64487077695634,0.8414156320872599,286
2025-06-12,7870.060550593693,27.421813765134818,287
2025-06-16,203.2562368120335,0.7106861426994179,286
2025-06-17,142.9468963891245,0.4998143230388969,286
2025-06-20,132.44153892075207,0.464707154107902,285
2025-06-23,184.47636890283889,0.6472855049222417,285
2025-06-24,147.43146369233193,0.5173033813766033,285
2025-06-25,135.6975860155568,0.4761318807563396,285
2025-06-26,164.9558841647679,0.5787925760167295,285
2025-06-27,107.68251865480515,0.37783339878879,285
2025-06-30,259.6672521817686,0.9111131655500653,285
2025-07-01,150.95561928575933,0.5278168506495081,286
2025-07-02,196.0113822412795,0.6853544833611172,286
2025-07-03,145.3389592620346,0.5081781792378832,286
2025-07-04,101.61084580601967,0.3552826776434254,286
2025-07-07,222.10648713987683,0.7765961088806882,286
2025-07-08,166.76131724903246,0.5830815288427709,286
2025-07-09,136.75355832054407,0.4781592948270772,286
2025-07-10,123.33027723793911,0.4312247455871997,286
2025-07-11,193.55501965263528,0.6767658029812422,286
2025-07-14,137.6804807758495,0.4814002824330402,286
2025-07-15,151.75360786527034,0.5306070205079383,286
2025-07-16,130.41119153231068,0.45598318717591146,286
2025-07-17,154.26331468034846,0.5393822191620575,286
2025-07-18,214.37264831634212,0.7495547143928046,286
2025-07-21,168.1113173561705,0.5878018089376591,286
2025-07-22,172.50900317728113,0.6031783327876963,286
2025-07-23,115.47681151643398,0.40376507523228666,286
2025-07-24,105.06865026476571,0.3673729030236563,286
2025-07-25,122.45720560700899,0.4281720475769545,286
2025-07-28,116.94930300238018,0.40891364686146914,286
2025-07-29,94.43425680440177,0.3301897091062999,286
2025-07-30,131.08485700521567,0.45833866085739744,286
2025-07-31,169.6207190855052,0.5930794373619063,286
2025-08-01,167.67497895542726,0.5862761501938016,286
2025-08-04,134.7258431079298,0.471069381496258,286
2025-08-06,180.94823997872982,0.6349061051885256,285
2025-08-07,251.38134081217277,0.8820397923234132,285
2025-08-08,237.925228053556,0.8348253615914245,285
2025-08-11,161.8236485535567,0.5678022756265148,285
2025-08-13,243.3410334182463,0.8568346247121349,284
2025-08-14,216.92191256100966,0.7638095512711608,284
2025-08-15,218.88699237154455,0.770728846378678,284
2025-08-18,134.78617718443533,0.4745992154381526,284
2025-08-19,143.9303382093974,0.5067969655260472,284
2025-08-21,134.21814924289436,0.47426907859679984,283
2025-08-22,129.83783139559148,0.4587909236593338,283
2025-08-25,120.13883177236572,0.4245188401850379,283
2025-08-26,105.05897299525449,0.37123312012457416,283
2025-08-28,135.86186268065808,0.48177965489595065,282
2025-08-29,199.27512873087542,0.7066493926626788,282
2025-09-01,202.9075112155185,0.7195301816153138,282
2025-09-02,128.4879491233461,0.4556310252600926,282
2025-09-03,128.37690179256765,0.45523724039917607,282
2025-09-04,123.21389127690313,0.4369286924712877,282
2025-09-05,144.072210420412,0.5108943631929503,282
2025-09-08,211.1484447144109,0.7487533500511026,282
2025-09-09,172.86723167806713,0.6130043676527203,282
2025-09-10,161.65993852972716,0.5732621933678268,282
2025-09-11,310.83981464038095,1.1022688462424857,282
2025-09-12,119.82992756509884,0.42492882115283276,282
2025-09-15,140.92854547125052,0.49974661514627844,282
2025-09-16,107.13526578011913,0.3799122900004224,282
2025-09-17,131.70907320947575,0.46705345109743174,282
2025-09-18,144.32231984297516,0.511781276038919,282
2025-09-19,150.4361126752617,0.5334613924654671,282
2025-09-22,167.78938718567886,0.5949978268995705,282
2025-09-24,151.50386881676803,0.5391596755045126,281
2025-09-25,174.56497893522354,0.6212276830435002,281
2025-09-26,214.26389303222692,0.7625049574100602,281
2025-09-29,169.72867560116123,0.60401663915004,281
2025-09-30,161.4085543247334,0.5744076666360619,281
2025-10-01,172.7975780898394,0.6149380003197131,281
2025-10-02,826.2068432692809,2.9402378764031347,281
2025-10-06,172.60462110052973,0.6164450753590347,280
2025-10-07,240.2118887057804,0.8578996025206443,280
2025-10-08,136.6738777889302,0.4881209921033222,280
2025-10-09,162.10149645724871,0.5789339159187454,280
2025-10-10,101.10133922499426,0.36107621151783664,280
2025-10-13,107.25987931199741,0.3830709975428479,280
2025-10-14,192.58610405445484,0.6878075144801958,280
2025-10-15,95.32787793800836,0.3404567069214584,280
2025-10-16,227.04220074658912,0.8108650026663897,280
2025-10-17,146.63361081964618,0.5236914672130221,280
2025-10-20,137.1484338695521,0.48981583524840033,280
2025-10-21,224.1800037429013,0.8006428705103618,280
2025-10-22,145.9543081274211,0.521265386169361,280
2025-10-23,119.81705256790492,0.4279180448853747,280
2025-10-24,117.57727753208859,0.4199188483288878,280
2025-10-27,180.47655997965967,0.6445591427844988,280
2025-10-28,180.3489124637335,0.6441032587990483,280
2025-10-29,144.44951516792761,0.5158911255997415,280
2025-10-30,144.43358332761113,0.5158342261700397,280
2025-10-31,162.14026709118937,0.5790723824685334,280
2025-11-03,157.36046551345942,0.5620016625480694,280
2025-11-04,102.3610036687538,0.36557501310269214,280
2025-11-05,153.15285015718877,0.5469744648471028,280
2025-11-06,171.3854247574891,0.6120908027053181,280
2025-11-07,222.43339323851905,0.7944049758518538,280
2025-11-12,299.74605922008936,1.0821157372566403,277
2025-11-13,486.9822087309101,1.7580585152740436,277
2025-11-17,205.19185865319076,0.7434487632361985,276
2025-11-18,150.46376554723423,0.5451585708233124,276
2025-11-19,163.05975932094486,0.5907962294237132,276
2025-11-21,145.26941665657262,0.5263384661470022,276
2025-11-24,160.6551137086897,0.5820837453213394,276
2025-11-25,192.68984909302526,0.6981516271486422,276
2025-11-26,175.8273023299336,0.6370554432243971,276
2025-11-27,160.4502717134664,0.5813415641792261,276
2025-11-28,178.2328306002445,0.6457711253632048,276
2025-12-01,248.75012932150972,0.9012685844982237,276
2025-12-02,183.5246972493053,0.6649445552511061,276
2025-12-05,214.37460372065644,0.7823890646739287,274
2025-12-08,168.3372641741167,0.6143695772777982,274
2025-12-09,127.94363683476804,0.46694757968893447,274
2025-12-10,182.35547816923383,0.6631108297063049,275
2025-12-11,353.98695307454426,1.2872252839074336,275
2025-12-12,139.51847008288854,0.5073398912105038,275
2025-12-15,223.34971498876956,0.8121807817773439,275
2025-12-16,153.22168850011286,0.555151045290264,276
2025-12-18,171.7703185666319,0.6223562266906952,276
2025-12-19,166.9889871599559,0.6050325621737533,276
2025-12-22,159.78379651255267,0.5789267989585242,276
2025-12-23,309.309855564953,1.120687882481714,276
2025-12-26,211.93680606796264,0.767886978507111,276
2025-12-29,184.62933545225246,0.6689468675806248,276
2025-12-30,251.62860224832323,0.9116978342330552,276
2026-01-02,437.475057688055,1.585054556840779,276
2026-01-05,274.78450170328244,0.9955960206640668,276
2026-01-06,159.10838338941107,0.5764796499616344,276
2026-01-07,282.6730755829425,1.024177810083125,276
2026-01-09,181.4374395750936,0.659772507545795,275
2026-01-12,265.6570212216708,0.9660255317151665,275
2026-01-14,136.73145466630166,0.4990199075412469,274
2026-01-15,178.87215372115725,0.6528180792742965,274
2026-01-16,169.72886515966655,0.6194484129914838,274
2026-01-19,130.72464399464428,0.477097240856366,274
2026-01-20,123.2684897259779,0.44988499899991935,274
2026-01-21,208.64491303900456,0.7614777848138853,274
2026-01-22,179.8245278429514,0.6562938972370489,274
2026-01-23,151.51889802383732,0.5529886789191143,274
2026-01-27,194.2901869196046,0.711685666372178,273
2026-01-28,177.0941629752783,0.648696567675012,273
2026-01-29,193.86001750683397,0.710109954237487,273
2026-01-30,247.1040539088234,0.9051430546110747,273
2026-02-02,453.0072544668938,1.6593672324794646,273
2026-02-03,141.71960161295686,0.5191194198276808,273
2026-02-04,163.0176389928577,0.5971342087650465,273
2026-02-05,162.60147076672078,0.5934360246960613,274
2026-02-06,145.45208377965372,0.5308470210936267,274
2026-02-09,196.67975322517174,0.7151991026369882,275
2026-02-10,155.52952909115592,0.5655619239678397,275
2026-02-11,172.8727683269246,0.628628248461544,275
2026-02-12,224.4884560116437,0.8163216582241589,275
2026-02-13,173.62223410841395,0.6313535785760507,275
2026-02-18,225.4834207686839,0.8199397118861234,275
2026-02-19,148.792661238873,0.5410642226868109,275
2026-02-20,214.27649191544447,0.7735613426550342,277
2026-02-23,185.51855203653668,0.6697420651138508,277
2026-02-24,480.8154485493437,1.735795843138425,277
2026-02-25,164.75227419134382,0.5947735530373423,277
2026-02-27,207.3594757098268,0.7513024482240102,276
2026-03-02,208.8955715227623,0.7568680127636316,276
2026-03-03,241.54872115822624,0.8751765259356024,276
2026-03-04,294.96329448293386,1.068707588706282,276
2026-03-05,237.39153284401226,0.8601142494348271,276
2026-03-06,193.47440190369446,0.7009942097959944,276
2026-03-09,180.8172042942739,0.6551347981676591,276
2026-03-10,159.60949729225845,0.5782952800444147,276
2026-03-11,125.53303762771345,0.4548298464772227,276
2026-03-12,261.7455759010393,0.9483535358733307,276
2026-03-16,197.25495475148082,0.7172907445508394,275
2026-03-17,187.22002694512105,0.6808000979822584,275
2026-03-18,188.94486465061138,0.6870722350931323,275
2026-03-19,258.91883789726796,0.9415230468991562,275
2026-03-20,261.74692200700326,0.9518069891163755,275
2026-03-23,265.2676376510219,0.9646095914582615,275
2026-03-24,160.20673638967534,0.5825699505079104,275
2026-03-25,172.9691691739248,0.6289787969960902,275
2026-03-26,220.34089161723904,0.8012396058808692,275
